CustomerID,Date,Amount
127,2023-12-25,2711.09
483,2023-04-11,4662.03
168,2023-01-21,4762.07
592,2023-02-27,1871.18
294,2023-06-29,3910.63
845,2023-12-07,3720.13
638,2023-12-15,4475.53
343,2023-01-20,2294.92
310,2023-09-12,2699.32
662,2023-11-13,2137.29
528,2023-02-07,4266.85
540,2023-05-28,1225.54
419,2023-01-25,1274.57
444,2023-05-01,1925.77
685,2023-01-26,1228.68
558,2023-06-18,2848.93
840,2023-11-19,759.0
236,2023-08-13,1668.91
439,2023-01-01,4575.88
214,2023-11-03,2105.2
85,2023-09-18,3766.35
794,2023-01-13,655.96
744,2023-02-17,1313.07
85,2023-11-09,4055.99
921,2023-10-18,3838.67
489,2023-11-28,1992.16
65,2023-04-04,4776.54
646,2023-09-18,4562.15
663,2023-10-05,4815.27
627,2023-12-25,2196.78
64,2023-07-24,1067.62
343,2023-07-04,3170.63
939,2023-06-24,3455.39
875,2023-11-05,714.66
919,2023-03-10,3953.77
352,2023-04-14,188.5
158,2023-09-03,2465.37
589,2023-06-10,1721.98
491,2023-07-19,3727.48
658,2023-08-04,1632.53
855,2023-07-31,4151.35
463,2023-01-16,3015.27
225,2023-11-28,3990.08
917,2023-07-24,4947.77
313,2023-12-31,3427.88
615,2023-02-08,4926.26
919,2023-03-30,241.3
859,2023-09-13,1756.89
813,2023-09-11,628.48
940,2023-08-04,1385.29
466,2023-10-30,4210.55
88,2023-06-21,258.38
883,2023-05-17,2648.9
303,2023-06-27,2878.93
680,2023-03-18,2849.64
435,2023-07-07,2428.96
682,2023-01-15,3973.95
135,2023-10-19,754.36
50,2023-11-15,1621.83
432,2023-11-21,3117.06
340,2023-08-02,3485.66
347,2023-07-27,2080.33
646,2023-06-18,4389.32
347,2023-11-26,2135.92
649,2023-10-07,2073.6
245,2023-11-01,277.42
109,2023-05-26,2800.59
825,2023-09-20,3572.54
799,2023-01-04,660.75
533,2023-03-31,1596.62
90,2023-03-01,3928.16
296,2023-11-07,1893.01
112,2023-01-16,1283.85
813,2023-08-15,3393.78
589,2023-01-29,1064.12
177,2023-05-31,4488.7
343,2023-09-02,617.43
660,2023-09-27,3562.09
101,2023-03-20,2547.79
758,2023-10-16,4362.65
629,2023-06-02,718.36
604,2023-10-04,3421.69
401,2023-10-06,2903.07
28,2023-02-26,2452.44
937,2023-07-05,2507.9
962,2023-04-03,3637.69
537,2023-10-03,4694.93
58,2023-06-07,547.13
498,2023-10-02,195.56
297,2023-06-30,4047.95
134,2023-12-25,630.03
331,2023-03-18,4934.81
249,2023-05-31,3134.81
550,2023-08-26,3289.25
902,2023-10-16,1074.57
941,2023-08-19,1277.53
75,2023-01-18,3330.82
654,2023-03-14,4557.66
834,2023-07-08,4913.71
168,2023-01-17,1070.35
771,2023-01-19,757.19
503,2023-08-07,376.37
885,2023-11-22,4354.66
355,2023-04-30,1544.1
225,2023-04-11,108.88
664,2023-02-03,1196.71
531,2023-03-25,1768.16
146,2023-07-15,4955.83
960,2023-11-26,2665.35
241,2023-07-21,1103.1
884,2023-12-10,1740.61
893,2023-12-07,1718.51
344,2023-01-11,196.66
749,2023-12-13,762.4
35,2023-08-06,3506.46
702,2023-09-10,689.23
1,2023-08-10,1230.6
996,2023-03-21,1818.61
153,2023-01-07,3812.9
429,2023-09-29,2953.76
945,2023-08-15,3476.1
508,2023-01-16,2878.36
126,2023-01-12,3449.6
491,2023-10-18,113.93
482,2023-08-29,4661.4
345,2023-01-21,643.51
912,2023-06-27,2090.62
738,2023-08-16,3878.09
221,2023-09-30,2232.63
915,2023-10-15,4739.53
919,2023-10-24,2391.19
723,2023-05-14,4387.2
25,2023-10-10,4073.06
528,2023-06-02,4906.83
182,2023-03-07,4640.08
499,2023-05-17,4500.81
841,2023-04-02,3684.86
641,2023-11-13,1898.29
42,2023-09-16,620.01
915,2023-04-13,3474.36
481,2023-02-24,4895.4
930,2023-09-14,3660.36
848,2023-04-11,4650.77
748,2023-07-17,4041.09
872,2023-10-28,899.26
439,2023-08-14,1321.1
402,2023-08-25,1775.14
546,2023-01-26,924.48
345,2023-05-01,2950.09
893,2023-07-01,4879.71
45,2023-07-18,3831.15
646,2023-10-29,2174.6
21,2023-09-12,122.07
634,2023-05-02,1635.05
70,2023-01-31,2681.12
864,2023-11-11,1688.83
873,2023-10-12,644.07
48,2023-04-16,2269.55
491,2023-08-12,1340.94
551,2023-09-30,4555.24
287,2023-08-20,598.6
10,2023-09-13,340.85
542,2023-01-24,126.04
756,2023-04-19,1707.54
274,2023-07-10,3335.9
956,2023-12-13,3679.03
600,2023-01-25,2320.98
756,2023-07-06,3453.21
381,2023-10-15,1863.58
329,2023-04-26,3372.25
479,2023-12-04,298.92
15,2023-02-06,2014.69
516,2023-10-09,3975.16
191,2023-05-17,4034.73
168,2023-08-15,3609.13
521,2023-11-16,1100.77
621,2023-11-24,1311.31
137,2023-07-01,4980.83
154,2023-12-28,606.55
388,2023-03-27,985.25
209,2023-02-22,737.13
272,2023-12-14,1705.51
143,2023-12-21,1129.86
611,2023-08-23,2538.67
889,2023-09-24,2432.5
820,2023-10-14,4517.38
69,2023-04-10,270.23
247,2023-03-28,1667.41
261,2023-01-15,3023.62
788,2023-04-11,3063.53
79,2023-06-14,2452.62
658,2023-01-29,4096.76
623,2023-04-24,407.34
770,2023-04-17,4095.89
605,2023-12-30,2524.3
525,2023-05-10,755.43
772,2023-03-25,4439.94
938,2023-09-28,3281.22
621,2023-09-01,901.37
330,2023-08-02,264.88
189,2023-11-02,791.44
95,2023-06-15,3083.11
617,2023-10-06,978.55
8,2023-02-28,1206.24
67,2023-03-31,223.18
496,2023-11-27,3642.36
191,2023-07-13,4070.79
366,2023-05-03,4004.56
768,2023-05-16,725.08
521,2023-05-19,4526.18
990,2023-08-17,3394.17
117,2023-10-01,4497.89
267,2023-02-19,2291.09
611,2023-04-28,2241.08
485,2023-07-21,3944.23
509,2023-07-10,557.16
298,2023-12-30,2652.28
909,2023-11-19,4198.28
164,2023-06-30,4167.94
376,2023-03-19,4785.05
653,2023-03-16,3521.54
268,2023-10-22,1118.08
549,2023-10-08,199.37
74,2023-01-21,2449.14
508,2023-06-20,2617.15
73,2023-01-15,1277.29
308,2023-07-30,711.02
199,2023-02-17,2972.42
130,2023-03-27,3844.85
758,2023-05-29,4966.46
824,2023-07-07,3815.68
572,2023-11-02,3988.8
791,2023-05-31,3120.66
615,2023-05-21,4931.02
808,2023-03-10,3235.79
832,2023-09-17,4315.24
487,2023-11-30,4734.34
853,2023-01-09,4656.31
151,2023-05-01,1968.94
669,2023-04-11,485.44
206,2023-05-29,942.18
986,2023-05-26,390.19
179,2023-12-19,616.44
197,2023-08-31,1004.79
735,2023-08-29,1771.36
89,2023-12-03,2763.34
799,2023-02-12,3587.24
434,2023-04-05,1133.54
788,2023-08-14,3395.36
748,2023-01-06,3550.87
183,2023-08-02,2837.25
209,2023-07-25,4527.73
493,2023-03-08,643.87
130,2023-04-10,967.9
665,2023-01-12,2200.46
13,2023-08-25,720.89
634,2023-11-18,2874.85
871,2023-09-15,2052.16
732,2023-12-03,1494.52
106,2023-05-15,932.95
375,2023-08-10,1743.16
582,2023-06-05,3079.0
707,2023-05-22,2921.35
698,2023-06-07,901.76
99,2023-11-22,712.11
594,2023-12-10,230.72
587,2023-09-19,160.89
886,2023-10-10,4411.07
852,2023-12-04,320.94
192,2023-12-10,3682.98
325,2023-08-17,4372.73
979,2023-10-07,580.48
726,2023-12-24,2237.88
827,2023-10-17,4815.28
956,2023-06-17,4187.28
467,2023-02-16,2499.55
894,2023-07-22,3836.6
367,2023-08-02,4183.55
318,2023-09-03,1805.33
144,2023-01-24,4471.55
384,2023-11-17,2405.32
216,2023-10-01,2686.26
361,2023-02-13,4998.57
324,2023-11-28,4232.18
15,2023-11-09,1872.67
217,2023-12-29,150.69
492,2023-06-05,3168.25
951,2023-07-18,3549.18
547,2023-06-11,3288.93
183,2023-08-22,4842.53
270,2023-06-12,4328.56
945,2023-04-26,2299.28
467,2023-04-03,408.0
870,2023-02-11,2432.69
612,2023-10-11,3477.3
519,2023-07-29,3077.78
542,2023-07-25,2736.87
467,2023-08-08,2397.21
305,2023-10-07,1539.43
985,2023-05-16,1459.0
144,2023-04-16,2551.13
111,2023-04-28,886.96
232,2023-08-25,1769.36
691,2023-11-05,1687.5
584,2023-04-10,2976.95
722,2023-09-18,426.74
732,2023-11-01,4165.38
592,2023-12-20,2855.65
500,2023-10-13,3387.05
595,2023-11-24,3545.16
554,2023-04-13,1528.27
273,2023-03-04,2404.82
703,2023-06-24,4785.61
173,2023-10-09,3856.86
973,2023-10-20,4850.83
7,2023-08-14,3756.65
155,2023-01-07,960.44
522,2023-05-07,416.23
546,2023-04-02,2930.54
548,2023-07-09,1853.29
921,2023-12-25,1449.74
518,2023-02-22,4055.33
920,2023-08-30,1898.27
914,2023-05-12,1653.3
215,2023-12-30,4264.94
134,2023-04-22,4246.81
285,2023-01-07,1846.2
126,2023-08-18,4179.24
921,2023-06-05,4268.81
439,2023-07-16,2177.26
849,2023-11-19,425.72
686,2023-12-30,107.76
152,2023-08-11,2664.13
331,2023-09-07,1785.97
538,2023-03-24,4985.95
383,2023-08-28,3884.81
115,2023-12-26,3830.25
894,2023-11-19,4780.69
482,2023-09-20,4449.85
284,2023-07-08,1659.12
899,2023-10-17,913.34
75,2023-12-28,3754.87
166,2023-02-27,1953.54
189,2023-01-09,2418.55
78,2023-10-31,3188.95
947,2023-04-25,4548.58
602,2023-07-29,2153.53
688,2023-02-10,3938.25
21,2023-10-31,1414.86
566,2023-06-22,3520.06
184,2023-08-22,107.74
871,2023-10-08,4370.39
222,2023-03-19,248.86
827,2023-04-18,3592.49
328,2023-10-08,326.67
179,2023-02-08,1404.6
788,2023-04-29,2536.29
112,2023-12-01,2157.7
736,2023-12-02,1040.0
726,2023-01-27,1735.69
59,2023-04-14,3665.76
327,2023-03-15,3379.36
905,2023-07-10,451.89
621,2023-11-20,3761.85
897,2023-05-27,359.92
669,2023-09-12,2760.34
191,2023-10-11,1374.31
200,2023-08-01,2979.68
312,2023-05-03,1380.51
708,2023-07-25,4926.29
35,2023-08-28,1617.67
379,2023-12-05,1285.61
387,2023-10-13,1464.48
758,2023-01-22,4492.72
237,2023-09-16,3217.47
616,2023-12-23,3680.35
519,2023-04-15,4598.25
283,2023-09-15,4568.18
1,2023-07-23,3720.83
731,2023-11-06,1069.34
464,2023-09-19,4232.53
230,2023-04-17,1098.5
967,2023-09-08,3740.2
172,2023-08-09,3459.46
87,2023-08-10,3818.56
553,2023-09-15,2710.16
123,2023-07-20,3229.76
843,2023-09-15,4771.27
298,2023-12-15,595.33
885,2023-08-13,1613.35
929,2023-07-21,3095.65
690,2023-08-14,4823.87
575,2023-08-24,568.31
484,2023-07-02,210.49
165,2023-07-19,373.17
699,2023-12-23,356.79
383,2023-09-03,4548.3
209,2023-12-19,3634.16
739,2023-04-21,3417.82
432,2023-01-06,2660.61
389,2023-08-24,3931.57
560,2023-05-07,862.68
224,2023-04-14,2020.51
3,2023-08-25,2501.02
372,2023-06-04,641.01
687,2023-09-14,2155.62
446,2023-08-23,1650.86
611,2023-10-16,274.35
116,2023-02-09,770.0
270,2023-10-15,3843.78
447,2023-07-16,188.39
368,2023-09-30,4677.84
253,2023-09-21,523.48
317,2023-02-26,4016.27
415,2023-10-25,4503.22
95,2023-04-08,4711.56
785,2023-05-17,4350.64
892,2023-03-28,1509.0
24,2023-08-30,1732.13
628,2023-07-18,2190.07
663,2023-11-06,782.55
850,2023-03-25,209.14
50,2023-08-30,4358.7
502,2023-10-08,2815.23
718,2023-11-19,3082.74
498,2023-09-09,4642.24
335,2023-07-09,3359.09
79,2023-06-01,3485.18
582,2023-10-29,3956.15
27,2023-10-05,670.11
271,2023-05-19,1864.79
562,2023-06-25,4844.22
804,2023-01-08,4622.36
247,2023-10-22,4431.97
776,2023-08-23,2315.23
591,2023-06-12,4300.25
387,2023-02-18,337.14
702,2023-10-29,827.74
559,2023-02-07,2128.44
973,2023-05-16,2468.62
361,2023-11-06,1391.19
866,2023-08-07,1846.74
984,2023-12-14,897.6
488,2023-10-23,2496.76
352,2023-02-03,3989.83
701,2023-12-18,3340.67
928,2023-03-20,628.18
256,2023-08-24,2489.15
222,2023-09-30,3518.47
884,2023-06-10,2696.49
753,2023-06-24,2019.21
781,2023-11-04,3147.38
1,2023-08-09,4846.33
546,2023-01-09,565.05
446,2023-10-16,2011.08
79,2023-04-23,2092.37
236,2023-07-24,2927.14
334,2023-07-05,845.66
889,2023-12-07,965.55
349,2023-07-16,1498.27
98,2023-09-23,4783.76
82,2023-09-19,3697.13
502,2023-09-05,3342.3
967,2023-04-25,4103.09
477,2023-05-01,725.12
927,2023-05-21,4310.73
704,2023-03-06,3014.68
765,2023-10-03,1743.11
921,2023-11-09,4097.69
550,2023-08-27,4032.57
14,2023-10-29,4243.97
392,2023-01-10,666.04
347,2023-08-21,4849.87
310,2023-07-14,4802.17
386,2023-01-12,1851.6
209,2023-06-26,422.88
357,2023-06-26,918.57
974,2023-08-05,4964.87
601,2023-01-11,2858.76
568,2023-04-28,1847.45
94,2023-06-13,1512.19
93,2023-02-08,1359.26
340,2023-02-22,3354.35
597,2023-08-06,2155.0
445,2023-07-25,4830.51
757,2023-11-08,3450.83
22,2023-12-26,3981.02
291,2023-02-25,1534.43
485,2023-04-28,488.01
784,2023-09-10,2490.33
306,2023-10-13,1641.45
634,2023-09-25,1090.21
128,2023-10-18,4767.95
625,2023-11-29,2275.54
939,2023-06-29,956.07
273,2023-12-24,1073.39
848,2023-08-23,1475.48
442,2023-12-09,4996.65
503,2023-07-15,1413.26
130,2023-11-04,1711.13
132,2023-03-21,3330.71
597,2023-05-15,1540.41
935,2023-01-22,1157.44
482,2023-11-27,877.32
862,2023-08-13,1632.15
390,2023-02-27,618.99
593,2023-04-03,191.37
999,2023-07-11,4042.74
985,2023-04-13,775.69
325,2023-01-07,3902.29
69,2023-05-08,4007.96
660,2023-02-24,2735.81
448,2023-08-19,1617.44
528,2023-12-28,810.66
819,2023-03-03,3710.35
617,2023-08-28,3046.8
165,2023-03-31,3311.72
488,2023-08-20,142.48
713,2023-08-21,4644.83
709,2023-12-20,424.82
426,2023-11-29,1897.35
697,2023-10-19,2073.29
834,2023-12-11,106.64
265,2023-06-01,2535.74
875,2023-05-25,3788.76
612,2023-05-10,4134.02
342,2023-05-21,4409.05
832,2023-04-03,2489.82
726,2023-04-24,3190.12
278,2023-10-11,489.65
674,2023-05-23,2491.39
439,2023-08-11,858.6
157,2023-08-20,1911.25
422,2023-02-02,1713.6
251,2023-10-03,2175.35
878,2023-06-19,2901.02
609,2023-05-20,4524.1
530,2023-12-23,2032.97
327,2023-07-20,4907.54
961,2023-01-23,3819.24
895,2023-08-12,2606.26
97,2023-09-27,3255.73
513,2023-12-13,600.9
216,2023-06-02,4238.16
132,2023-11-29,2953.55
260,2023-03-26,4931.73
125,2023-04-19,3218.5
82,2023-01-31,4187.15
283,2023-08-17,4018.84
683,2023-08-28,1792.76
59,2023-12-29,1372.09
544,2023-11-06,2209.42
161,2023-05-21,2389.48
284,2023-06-05,1276.42
106,2023-10-26,4483.53
105,2023-12-11,2758.48
439,2023-04-09,4894.38
228,2023-02-16,4069.09
700,2023-11-23,2822.95
582,2023-03-08,4740.5
318,2023-03-03,2573.89
464,2023-04-19,4446.82
802,2023-06-16,1854.91
599,2023-02-06,1955.35
882,2023-04-29,2148.84
874,2023-03-27,2778.47
472,2023-02-21,2812.1
56,2023-04-01,2532.35
625,2023-10-16,1599.4
13,2023-12-03,4643.31
440,2023-10-25,2984.07
18,2023-07-23,2097.92
694,2023-08-26,3290.77
973,2023-06-04,3863.04
113,2023-08-28,4807.57
229,2023-05-16,2547.79
171,2023-12-28,649.28
295,2023-03-05,2259.75
189,2023-05-03,2446.96
426,2023-09-11,4495.27
977,2023-04-24,2034.52
79,2023-01-20,4771.29
658,2023-01-16,2477.15
919,2023-05-25,4871.52
182,2023-07-27,140.17
499,2023-01-19,4504.2
798,2023-06-15,4662.49
762,2023-02-07,4809.0
866,2023-06-30,164.08
826,2023-12-15,941.33
708,2023-04-15,3303.45
835,2023-04-10,224.82
71,2023-03-31,411.68
248,2023-10-27,1183.29
146,2023-11-28,2610.95
618,2023-03-20,2774.92
775,2023-03-14,267.88
296,2023-06-25,934.8
582,2023-04-06,2548.56
470,2023-12-11,3010.31
506,2023-04-13,827.17
193,2023-08-12,2054.32
68,2023-01-06,4531.57
494,2023-05-02,4994.61
817,2023-08-24,4937.35
52,2023-04-26,4420.21
882,2023-06-12,2033.83
363,2023-08-14,3464.21
797,2023-08-18,2141.3
917,2023-07-01,3277.78
474,2023-09-06,1616.22
846,2023-11-14,3070.39
521,2023-07-29,2666.42
763,2023-05-24,219.95
431,2023-12-11,3974.44
844,2023-04-06,158.3
298,2023-12-12,1536.46
435,2023-09-01,129.03
696,2023-03-27,1943.39
691,2023-07-03,409.49
198,2023-05-01,4576.2
128,2023-11-28,2136.83
532,2023-04-02,2351.53
984,2023-03-11,1814.27
411,2023-05-13,3174.78
934,2023-10-06,3943.6
840,2023-05-17,3275.92
65,2023-11-10,3766.21
694,2023-07-06,4539.27
241,2023-08-09,4331.38
369,2023-02-15,3402.89
536,2023-10-05,1151.73
384,2023-07-11,3224.74
431,2023-01-08,2579.81
967,2023-10-03,3614.37
83,2023-06-28,4181.37
982,2023-11-30,3739.34
831,2023-02-08,4248.15
697,2023-10-20,412.95
951,2023-06-27,254.94
828,2023-06-11,1366.65
611,2023-11-27,4513.26
574,2023-04-14,4135.93
286,2023-06-10,3445.36
989,2023-10-14,3533.72
534,2023-05-03,3660.69
459,2023-02-23,4718.75
212,2023-02-03,4177.74
126,2023-08-30,3154.61
413,2023-04-23,3362.01
499,2023-11-14,1147.33
425,2023-01-23,3320.86
554,2023-02-15,2180.93
610,2023-11-08,849.51
961,2023-05-15,4051.37
543,2023-04-28,2600.21
158,2023-07-08,4889.38
112,2023-05-11,1480.23
402,2023-07-31,2455.28
759,2023-04-23,2295.18
122,2023-02-13,691.82
273,2023-05-08,2187.96
294,2023-12-30,1509.01
398,2023-06-07,885.57
471,2023-09-30,1482.56
985,2023-11-11,1242.93
207,2023-12-21,3696.96
110,2023-12-06,250.8
440,2023-02-14,3125.57
278,2023-04-18,3827.24
963,2023-08-07,2455.54
568,2023-11-14,4664.67
887,2023-11-11,3568.62
915,2023-06-26,3764.83
569,2023-08-16,1064.97
940,2023-07-10,3908.75
482,2023-06-09,4177.26
803,2023-09-24,1870.21
114,2023-12-24,1145.48
893,2023-11-22,1986.75
897,2023-07-09,3724.08
820,2023-06-24,2146.43
853,2023-10-17,3709.59
477,2023-12-23,656.47
710,2023-05-25,4049.46
933,2023-08-20,1340.72
321,2023-12-26,1319.75
179,2023-07-23,2992.87
897,2023-08-01,443.58
219,2023-02-09,228.86
789,2023-10-02,1379.04
949,2023-11-19,2736.53
528,2023-03-23,4547.32
492,2023-06-30,4247.53
891,2023-11-16,2503.19
61,2023-03-24,281.55
54,2023-10-30,2722.74
680,2023-09-19,3553.5
538,2023-09-29,1761.91
848,2023-07-19,644.21
988,2023-08-28,1464.98
65,2023-06-29,3880.79
612,2023-06-20,1821.09
586,2023-10-22,4078.71
704,2023-06-26,1665.66
171,2023-08-25,901.42
273,2023-05-18,2235.66
889,2023-11-23,2316.15
699,2023-11-07,178.93
535,2023-05-09,673.52
391,2023-02-18,1006.14
940,2023-06-13,656.58
693,2023-10-04,1773.48
327,2023-10-20,4826.65
108,2023-04-26,2595.19
847,2023-01-24,3175.02
162,2023-11-07,1846.29
814,2023-01-25,1685.09
452,2023-05-07,213.42
206,2023-08-22,2551.63
590,2023-07-28,2469.68
16,2023-04-03,873.37
327,2023-04-04,3845.19
608,2023-11-23,2514.1
659,2023-08-13,1761.07
2,2023-10-07,819.85
10,2023-01-11,2805.59
434,2023-11-25,3788.8
125,2023-01-12,1481.8
81,2023-02-04,1172.09
485,2023-08-16,2657.48
652,2023-08-08,861.18
838,2023-05-21,3366.41
150,2023-01-23,3066.18
800,2023-03-24,526.7
873,2023-08-17,278.95
340,2023-12-10,3139.41
129,2023-03-21,1542.04
438,2023-12-19,523.58
751,2023-10-17,3821.2
501,2023-11-27,1638.82
58,2023-06-08,2352.04
198,2023-05-08,1260.38
211,2023-07-09,3173.85
914,2023-01-31,1577.29
902,2023-12-25,4843.3
45,2023-01-15,3544.44
97,2023-11-09,769.94
279,2023-03-16,2141.8
535,2023-02-03,1988.56
410,2023-12-25,2717.81
461,2023-07-15,4225.46
391,2023-11-27,2958.77
847,2023-01-29,401.63
44,2023-07-13,3311.54
27,2023-01-16,140.5
794,2023-03-18,3921.81
97,2023-10-20,3366.52
975,2023-03-22,1613.05
548,2023-05-04,1532.96
621,2023-01-19,4011.54
567,2023-04-12,3938.35
704,2023-03-18,1826.28
219,2023-08-17,1564.84
185,2023-10-24,2843.14
69,2023-07-22,140.99
829,2023-03-02,505.07
130,2023-01-26,718.23
567,2023-03-12,1008.52
890,2023-04-13,2608.89
609,2023-11-22,4961.99
848,2023-12-29,3297.81
599,2023-06-06,400.36
806,2023-12-29,2675.34
631,2023-12-25,2533.56
720,2023-07-13,806.42
334,2023-10-02,4609.33
925,2023-11-20,2259.75
154,2023-07-05,4973.34
547,2023-11-22,2158.35
79,2023-04-23,3078.99
579,2023-11-09,613.34
855,2023-06-14,2325.72
413,2023-03-02,1269.95
546,2023-04-02,4194.27
609,2023-10-13,3941.21
169,2023-06-02,4138.48
681,2023-08-13,3645.69
663,2023-05-07,4180.15
583,2023-07-12,1084.06
515,2023-04-25,2315.01
314,2023-09-19,3490.05
32,2023-01-18,3223.22
287,2023-01-10,3610.14
594,2023-04-02,1198.87
43,2023-05-19,582.33
903,2023-11-29,4592.35
617,2023-12-23,2844.84
1,2023-12-06,853.75
573,2023-02-21,3987.84
270,2023-07-14,4583.16
180,2023-07-25,930.86
736,2023-10-14,4105.32
518,2023-04-03,4672.8
103,2023-11-05,4697.97
10,2023-05-25,4579.37
583,2023-03-27,2777.46
90,2023-06-02,1845.44
226,2023-01-02,135.64
670,2023-12-08,398.47
740,2023-09-17,2201.31
917,2023-06-13,2056.7
126,2023-01-06,1005.1
956,2023-05-29,2037.85
209,2023-07-24,955.79
97,2023-04-28,4259.08
74,2023-03-30,1561.15
627,2023-06-03,3032.97
191,2023-06-16,2563.93
682,2023-06-10,354.22
819,2023-09-27,4716.95
960,2023-02-25,2683.41
716,2023-08-16,1692.78
56,2023-12-03,874.82
720,2023-05-29,1758.78
553,2023-02-15,200.51
32,2023-05-24,1881.43
527,2023-08-26,2704.28
574,2023-09-29,4372.14
667,2023-04-30,3468.13
284,2023-12-06,646.75
721,2023-08-08,823.96
832,2023-01-08,2197.8
494,2023-12-10,1058.97
187,2023-10-02,236.46
498,2023-12-19,4044.57
442,2023-03-07,195.66
130,2023-03-20,4170.38
639,2023-03-27,806.11
292,2023-05-04,4875.92
114,2023-07-21,3058.98
199,2023-05-30,3701.42
13,2023-02-15,641.37
271,2023-04-23,4324.31
601,2023-04-01,4212.04
215,2023-05-21,3299.66
444,2023-10-16,2561.15
790,2023-08-06,3635.3
512,2023-03-18,129.05
447,2023-11-30,3002.96
986,2023-06-01,4252.29
993,2023-11-19,1848.81
715,2023-08-27,630.62
74,2023-04-25,2162.3
537,2023-11-15,3662.81
101,2023-04-04,625.78
176,2023-02-17,1109.64
427,2023-07-10,823.0
117,2023-01-12,4005.04
166,2023-06-05,408.17
41,2023-06-21,3464.27
429,2023-10-23,1895.64
344,2023-06-26,3803.38
424,2023-12-07,4825.48
366,2023-02-26,661.27
120,2023-12-09,1640.49
609,2023-12-06,4069.61
657,2023-07-22,1404.18
728,2023-07-04,1154.09
229,2023-05-01,4144.35
825,2023-08-14,4936.7
130,2023-07-21,2828.71
352,2023-11-26,1462.44
889,2023-12-29,2052.97
318,2023-12-22,933.64
984,2023-08-04,3833.25
649,2023-02-12,3890.02
836,2023-01-23,4388.09
337,2023-06-04,230.35
273,2023-07-05,2853.71
117,2023-09-06,1149.85
818,2023-08-25,1770.33
368,2023-10-20,3946.28
94,2023-05-14,1040.96
168,2023-11-17,3227.87
954,2023-01-22,3307.37
715,2023-12-27,4775.06
341,2023-03-29,3898.29
661,2023-06-02,4037.81
914,2023-05-05,2704.84
695,2023-03-20,1015.23
925,2023-12-12,2185.26
152,2023-02-20,2792.5
586,2023-08-04,3424.25
877,2023-06-25,3077.77
913,2023-12-24,2030.49
274,2023-09-10,1400.03
554,2023-09-03,924.33
496,2023-08-15,3499.84
724,2023-04-16,3262.45
101,2023-07-12,3468.13
557,2023-11-12,1925.38
82,2023-10-29,1385.8
529,2023-02-05,3822.63
73,2023-07-23,3890.87
14,2023-09-24,2332.52
433,2023-09-25,3098.33
157,2023-06-19,1930.25
735,2023-02-08,3539.54
132,2023-05-19,4195.04
338,2023-10-19,3472.34
404,2023-02-21,2611.65
376,2023-10-14,2347.42
888,2023-10-16,3247.37
559,2023-05-21,3431.07
107,2023-05-26,2837.77
620,2023-11-10,3162.22
265,2023-07-03,573.28
205,2023-06-01,4763.65
79,2023-07-20,3974.79
155,2023-05-08,1932.25
783,2023-10-14,2857.78
988,2023-11-07,331.89
997,2023-09-10,302.02
247,2023-09-23,1328.91
531,2023-07-07,3479.54
858,2023-08-18,4275.52
948,2023-09-28,2840.01
538,2023-09-16,2707.45
729,2023-10-26,2071.32
154,2023-07-17,891.83
154,2023-11-19,679.94
686,2023-02-25,3827.33
92,2023-11-15,4644.77
433,2023-07-22,2345.59
338,2023-09-28,3331.28
480,2023-04-19,4580.84
693,2023-04-26,541.56
131,2023-04-02,3875.36
450,2023-05-18,3122.4
993,2023-10-30,3033.32
810,2023-02-26,1533.45
787,2023-02-19,3451.08
273,2023-03-12,3994.51
929,2023-03-23,653.01
588,2023-04-15,2714.26
177,2023-03-29,596.2
696,2023-01-02,4375.61
831,2023-12-26,2587.42
643,2023-03-25,4059.03
875,2023-02-12,1903.62
49,2023-06-03,712.88
567,2023-11-23,303.35
666,2023-04-04,1479.4
355,2023-10-25,1296.75
712,2023-05-13,2845.72
308,2023-03-06,206.52
868,2023-10-17,2650.8
885,2023-09-14,2019.68
630,2023-08-01,2927.9
775,2023-05-28,3541.85
46,2023-03-02,3207.05
302,2023-05-29,4924.76
868,2023-03-29,777.5
912,2023-11-20,2205.71
408,2023-10-05,2181.67
189,2023-03-23,2143.56
822,2023-05-09,3352.61
830,2023-10-13,2500.16
129,2023-12-19,2635.42
561,2023-10-07,2218.54
537,2023-09-27,4959.33
266,2023-10-19,4645.05
118,2023-07-22,1607.85
464,2023-01-24,646.81
144,2023-12-17,4214.85
442,2023-11-07,4986.13
200,2023-07-27,1533.78
157,2023-10-07,1853.15
487,2023-07-24,4714.0
860,2023-06-01,3584.53
134,2023-01-26,1548.63
912,2023-07-13,2947.13
148,2023-12-02,4726.72
336,2023-08-26,4077.88
71,2023-11-17,3734.98
233,2023-03-16,3711.28
334,2023-06-12,972.3
811,2023-10-26,4140.94
666,2023-01-29,1452.98
90,2023-06-14,4658.8
334,2023-12-03,1886.74
199,2023-07-05,4302.54
161,2023-02-23,1404.54
538,2023-10-22,2621.18
121,2023-02-11,623.74
301,2023-10-12,3334.58
724,2023-05-18,4196.79
575,2023-07-06,3620.39
963,2023-07-23,2663.97
436,2023-02-11,321.07
68,2023-12-16,4673.86
765,2023-10-15,3556.9
922,2023-01-26,3754.73
459,2023-02-25,3993.93
514,2023-09-10,3763.94
398,2023-05-02,2261.47
620,2023-04-16,3694.75
286,2023-05-10,3162.63
561,2023-12-03,4284.68
140,2023-06-07,4032.05
730,2023-08-19,302.73
556,2023-11-04,1956.55
929,2023-04-01,270.11
781,2023-01-22,600.17
590,2023-10-17,3046.91
728,2023-04-20,4381.73
894,2023-02-18,687.14
610,2023-05-09,2310.34
748,2023-03-14,4563.31
282,2023-12-06,4090.07
661,2023-02-22,2646.37
924,2023-12-22,3880.7
816,2023-06-17,2661.2
996,2023-02-14,874.65
936,2023-04-15,711.21
578,2023-05-30,1023.0
746,2023-05-26,1819.52
457,2023-07-23,4659.59
87,2023-12-28,4018.42
79,2023-10-26,2220.73
205,2023-06-16,2516.08
791,2023-07-20,1401.49
337,2023-05-14,3551.33
254,2023-07-30,4033.55
304,2023-02-17,1270.63
380,2023-05-06,304.93
130,2023-08-27,3157.06
596,2023-01-07,2856.31
276,2023-09-29,2070.44
699,2023-02-06,3255.08
558,2023-07-30,2798.01
899,2023-06-14,1327.85
183,2023-05-05,2048.87
268,2023-12-03,2197.76
808,2023-07-11,4413.22
322,2023-08-06,4808.43
512,2023-08-02,4475.71
612,2023-03-03,3623.97
78,2023-11-24,2966.46
784,2023-06-10,3477.38
339,2023-03-07,4701.64
674,2023-10-13,1324.99
556,2023-08-27,2722.09
509,2023-01-20,3479.08
238,2023-07-07,3428.31
134,2023-03-23,1336.17
973,2023-12-29,2974.98
192,2023-07-21,3999.97
356,2023-05-12,2427.89
278,2023-02-06,3987.16
18,2023-05-12,1863.42
524,2023-03-18,4699.92
180,2023-03-30,2716.25
123,2023-09-10,3020.14
246,2023-12-10,253.67
734,2023-07-13,934.32
373,2023-06-25,3201.38
51,2023-02-02,2157.36
1000,2023-02-27,2590.0
71,2023-07-20,408.56
480,2023-01-28,4187.26
560,2023-02-04,3944.08
19,2023-05-05,1008.23
774,2023-11-17,3208.21
84,2023-02-11,4109.74
155,2023-03-26,3240.19
565,2023-07-07,1620.95
619,2023-04-21,3314.94
357,2023-09-28,1131.26
816,2023-11-21,1659.45
647,2023-04-15,1276.34
443,2023-11-16,2828.93
69,2023-02-10,630.31
523,2023-08-03,4673.22
143,2023-03-12,1734.21
192,2023-02-25,1172.95
387,2023-08-24,2533.09
378,2023-10-08,1457.29
581,2023-04-15,2721.03
535,2023-06-11,1807.69
693,2023-07-10,747.13
293,2023-01-09,1402.89
9,2023-03-01,2248.36
271,2023-11-01,248.44
387,2023-08-13,3876.15
93,2023-11-03,3146.94
966,2023-07-07,3046.66
529,2023-03-11,2775.64
154,2023-10-20,2992.53
405,2023-10-14,4679.79
840,2023-06-18,141.99
149,2023-03-03,334.22
889,2023-12-15,1038.32
267,2023-01-14,919.78
422,2023-06-13,987.85
840,2023-09-02,3392.53
618,2023-12-01,2351.47
472,2023-01-08,4959.72
893,2023-06-03,1211.74
547,2023-02-05,1623.07
631,2023-02-17,4922.78
526,2023-03-26,4175.61
503,2023-01-28,2402.02
14,2023-07-15,2817.52
778,2023-07-27,4231.57
652,2023-07-23,2456.8
806,2023-11-03,1109.52
364,2023-04-14,4159.38
119,2023-08-18,2735.09
238,2023-04-11,849.91
546,2023-01-29,2577.37
169,2023-05-07,2124.7
522,2023-12-04,4396.53
634,2023-01-10,717.67
913,2023-04-16,4388.53
657,2023-06-16,2609.83
963,2023-09-14,2081.39
958,2023-10-22,893.64
735,2023-10-04,3534.01
883,2023-03-06,4641.35
769,2023-09-28,1939.35
780,2023-07-07,1283.77
871,2023-11-13,2818.85
516,2023-05-18,4001.31
938,2023-12-09,118.46
397,2023-04-15,3193.75
866,2023-02-03,3022.93
106,2023-04-20,1658.95
85,2023-02-02,2311.97
214,2023-12-20,1310.12
121,2023-08-19,3970.44
132,2023-11-13,3209.22
850,2023-09-23,2710.29
197,2023-07-01,2023.38
19,2023-12-06,1527.78
642,2023-03-06,4131.41
12,2023-11-29,2311.9
81,2023-01-01,2557.09
330,2023-05-13,2652.06
866,2023-03-21,2297.0
774,2023-09-28,1354.83
392,2023-08-29,689.67
637,2023-01-28,582.83
307,2023-08-11,3811.57
267,2023-01-23,1195.29
447,2023-04-19,372.8
441,2023-04-17,4007.84
895,2023-05-25,854.9
652,2023-12-20,3163.22
841,2023-05-19,1759.35
2,2023-10-11,719.75
520,2023-10-25,2130.96
762,2023-04-09,172.56
651,2023-11-13,4221.12
636,2023-05-03,2616.14
309,2023-11-16,781.88
740,2023-10-14,1261.2
522,2023-03-22,2295.08
469,2023-01-10,1025.46
212,2023-01-08,1416.14
112,2023-07-24,2718.49
8,2023-11-11,4179.78
804,2023-07-16,2069.01
477,2023-07-17,3613.18
874,2023-01-30,4395.75
460,2023-01-20,1159.87
253,2023-02-17,4055.24
526,2023-05-10,3811.27
752,2023-10-20,1848.99
438,2023-05-12,4948.65
754,2023-12-22,1386.6
981,2023-02-23,1348.54
854,2023-10-08,3884.07
661,2023-09-22,2229.82
236,2023-08-03,1720.9
306,2023-10-17,975.45
478,2023-02-12,3850.13
679,2023-03-15,3952.98
20,2023-12-16,2876.16
216,2023-10-05,4790.84
855,2023-11-22,1659.0
135,2023-08-30,1176.13
905,2023-05-10,3419.59
129,2023-12-16,3816.2
410,2023-07-13,1202.04
422,2023-02-01,475.39
294,2023-04-16,4071.53
246,2023-07-23,4884.86
701,2023-01-01,3258.89
556,2023-09-02,1461.55
86,2023-03-13,4983.7
556,2023-11-02,4477.01
842,2023-01-15,2615.57
375,2023-02-22,4144.07
446,2023-01-08,4097.52
378,2023-11-26,4680.51
390,2023-02-15,4220.53
657,2023-11-21,3254.03
51,2023-04-24,3085.59
242,2023-05-27,2390.05
294,2023-06-15,3169.78
920,2023-05-19,3996.56
563,2023-04-27,4848.28
266,2023-10-26,2389.71
120,2023-10-03,2910.9
712,2023-10-04,2279.55
917,2023-12-04,3375.59
248,2023-11-09,3186.61
70,2023-06-27,187.39
853,2023-11-26,2751.69
57,2023-12-20,533.59
382,2023-06-03,229.28
39,2023-07-20,3976.87
984,2023-04-25,1367.38
801,2023-06-08,1769.21
443,2023-02-11,414.01
18,2023-09-04,979.55
952,2023-03-09,3851.46
732,2023-11-22,2518.3
825,2023-11-30,4415.28
756,2023-07-15,2046.49
352,2023-03-31,1416.63
972,2023-04-21,1803.24
816,2023-12-25,3592.58
298,2023-05-25,2819.53
283,2023-10-02,4530.54
586,2023-06-28,3050.63
110,2023-08-29,2515.79
180,2023-11-22,3950.19
938,2023-11-15,4742.92
544,2023-11-27,1843.64
746,2023-06-02,1324.39
794,2023-04-14,3119.47
25,2023-03-16,2544.48
843,2023-05-08,4947.01
791,2023-07-18,2365.57
738,2023-06-03,464.22
57,2023-02-25,4889.11
180,2023-10-05,4233.58
232,2023-12-11,973.43
894,2023-01-19,4532.57
343,2023-06-08,1769.27
477,2023-01-26,1947.85
799,2023-06-18,4541.32
576,2023-01-23,2697.57
455,2023-02-16,775.04
232,2023-01-13,1908.38
289,2023-08-05,3638.28
213,2023-11-18,953.5
258,2023-07-13,2992.13
530,2023-05-24,3506.84
687,2023-03-14,1784.88
929,2023-06-05,3500.02
229,2023-03-18,4432.62
226,2023-06-18,2413.37
596,2023-10-14,1976.26
803,2023-03-26,1330.68
435,2023-07-01,3060.61
882,2023-11-11,4411.28
758,2023-10-24,1690.84
402,2023-04-22,2041.55
622,2023-08-18,2092.47
766,2023-04-06,2847.98
88,2023-06-17,1219.2
584,2023-06-05,4128.83
893,2023-04-15,1548.45
542,2023-07-12,3556.28
684,2023-11-26,2614.76
309,2023-05-12,2970.9
906,2023-12-21,980.08
343,2023-05-18,3701.61
436,2023-11-27,1024.24
177,2023-09-27,656.02
139,2023-02-07,2778.73
194,2023-02-14,3575.56
186,2023-06-12,345.18
218,2023-11-27,440.04
164,2023-09-10,4033.13
161,2023-06-18,4064.26
943,2023-10-12,1301.99
525,2023-10-01,3114.62
808,2023-01-20,2271.58
601,2023-08-27,3200.21
836,2023-09-27,4328.11
42,2023-11-06,491.3
915,2023-01-31,3912.12
210,2023-11-10,2515.84
741,2023-04-14,2864.22
862,2023-06-19,3304.26
275,2023-07-05,4620.85
954,2023-05-08,377.93
279,2023-07-29,244.43
251,2023-10-08,973.48
310,2023-09-10,4933.59
720,2023-01-19,3603.87
833,2023-07-19,3111.74
140,2023-08-08,330.49
792,2023-05-16,4407.64
546,2023-08-11,4082.51
821,2023-01-03,3357.52
904,2023-08-24,1761.74
530,2023-12-08,445.47
57,2023-08-16,2942.19
112,2023-05-22,3626.5
5,2023-01-09,561.78
410,2023-07-09,3205.46
414,2023-12-16,1503.19
182,2023-06-14,3844.8
13,2023-05-19,2744.12
339,2023-10-03,732.28
797,2023-10-18,2679.95
259,2023-02-22,2039.11
90,2023-06-24,983.74
616,2023-04-20,4223.43
891,2023-07-22,154.04
698,2023-05-16,1629.43
250,2023-01-04,161.72
255,2023-06-04,570.43
588,2023-06-21,1555.77
898,2023-12-24,365.93
971,2023-02-16,3023.49
108,2023-04-04,525.63
668,2023-02-17,3538.4
594,2023-08-28,357.95
589,2023-12-13,390.61
485,2023-08-01,1596.1
982,2023-12-06,4493.2
972,2023-11-20,3242.83
258,2023-05-19,3873.64
639,2023-07-24,793.61
997,2023-03-14,4187.21
903,2023-01-04,139.92
282,2023-03-17,1143.98
986,2023-11-25,3118.85
88,2023-03-18,1938.71
204,2023-10-31,4922.55
16,2023-09-13,248.66
151,2023-04-12,4993.13
936,2023-04-16,3155.78
254,2023-11-29,2837.66
188,2023-02-08,391.61
329,2023-11-10,1439.31
544,2023-10-02,4630.85
783,2023-03-29,1835.81
997,2023-07-30,3342.1
397,2023-03-18,4997.53
517,2023-03-18,1389.04
459,2023-01-28,2922.8
330,2023-09-02,3512.55
820,2023-03-07,906.67
845,2023-09-23,828.5
169,2023-07-24,2335.91
693,2023-02-27,1990.48
366,2023-07-20,3599.66
178,2023-08-13,440.59
655,2023-05-22,4863.62
362,2023-03-25,169.96
760,2023-05-23,3046.45
639,2023-12-18,2856.9
775,2023-02-02,760.11
40,2023-06-01,839.49
924,2023-06-07,3984.12
416,2023-05-21,4449.06
355,2023-09-08,1486.78
255,2023-10-30,2246.02
143,2023-04-22,1839.48
752,2023-05-24,455.48
740,2023-07-28,3398.7
853,2023-08-12,4143.45
710,2023-02-12,1593.91
577,2023-09-21,4951.86
900,2023-09-01,471.67
11,2023-01-03,3342.77
620,2023-05-05,2296.32
26,2023-09-25,2288.35
957,2023-03-25,2342.46
421,2023-01-16,1367.54
663,2023-11-30,3606.26
221,2023-02-28,3635.72
853,2023-06-26,1483.75
496,2023-03-04,4193.0
237,2023-02-18,1652.54
237,2023-11-03,3652.96
219,2023-09-03,692.9
487,2023-10-16,926.64
936,2023-10-13,1647.4
461,2023-11-28,3009.98
663,2023-01-15,3263.01
635,2023-12-04,2042.15
144,2023-09-12,481.41
990,2023-04-02,1930.81
189,2023-10-06,3474.96
255,2023-07-25,3387.88
68,2023-04-04,884.96
616,2023-08-13,138.14
336,2023-10-28,3789.61
671,2023-11-14,621.2
821,2023-07-18,503.51
874,2023-09-28,113.24
409,2023-08-22,2219.75
300,2023-02-15,2565.99
908,2023-03-05,3224.55
602,2023-08-18,1550.71
357,2023-09-06,3581.08
256,2023-09-03,929.73
353,2023-03-16,4176.75
732,2023-06-06,2902.06
521,2023-08-11,2961.06
524,2023-07-09,1127.9
837,2023-02-21,463.13
950,2023-03-29,2377.15
756,2023-11-09,3116.5
694,2023-12-05,565.73
284,2023-03-07,4757.62
312,2023-05-30,4904.03
99,2023-01-20,2772.74
197,2023-02-02,4755.34
482,2023-11-24,979.28
878,2023-10-08,224.56
226,2023-02-15,293.11
845,2023-03-14,2978.81
615,2023-12-20,402.05
618,2023-11-09,4796.87
365,2023-12-09,795.47
368,2023-05-13,1593.14
570,2023-02-24,4130.34
590,2023-03-02,1171.83
75,2023-12-11,1290.55
42,2023-01-08,3247.31
422,2023-09-29,1452.82
836,2023-09-03,1165.49
181,2023-06-25,1345.47
545,2023-04-26,2504.17
71,2023-11-13,4833.89
568,2023-09-28,4177.97
105,2023-07-12,1494.59
200,2023-05-30,1880.53
101,2023-05-11,2376.11
768,2023-04-12,4896.76
307,2023-11-06,944.71
586,2023-09-27,1851.67
683,2023-10-19,3674.19
377,2023-07-29,4823.32
655,2023-12-27,862.81
678,2023-12-04,1214.16
399,2023-03-08,1205.9
773,2023-01-10,202.57
221,2023-02-18,3060.17
595,2023-04-21,3386.45
182,2023-11-17,3052.38
307,2023-08-07,449.48
522,2023-02-26,439.23
396,2023-10-10,1130.89
4,2023-04-23,1522.44
863,2023-05-13,3954.06
914,2023-03-12,881.01
848,2023-03-24,316.05
1000,2023-02-26,2030.54
804,2023-12-15,2140.32
281,2023-09-28,2309.45
215,2023-04-21,4151.83
972,2023-12-23,580.23
610,2023-03-17,3549.32
420,2023-06-07,1755.93
101,2023-01-20,1618.9
963,2023-05-11,4669.46
521,2023-11-25,1317.5
573,2023-05-02,3248.41
309,2023-02-10,1448.13
658,2023-06-16,2585.01
939,2023-05-10,3952.84
931,2023-01-23,4420.44
510,2023-10-06,4209.62
63,2023-09-08,2952.69
633,2023-01-09,1319.2
226,2023-01-13,3340.04
105,2023-11-03,3578.53
974,2023-11-16,152.39
772,2023-02-21,2252.13
861,2023-07-28,4231.98
425,2023-02-07,2498.98
255,2023-04-10,1625.74
429,2023-07-12,4371.81
434,2023-07-10,863.82
207,2023-02-20,1111.58
28,2023-05-21,3468.12
682,2023-06-17,1826.94
336,2023-11-07,3593.78
588,2023-04-19,872.75
628,2023-07-26,1336.12
69,2023-10-27,867.57
866,2023-04-20,4769.26
746,2023-07-15,2086.48
513,2023-06-01,1752.38
167,2023-08-31,169.59
864,2023-05-08,851.75
730,2023-04-15,2163.57
785,2023-01-10,435.66
368,2023-12-22,2602.62
251,2023-05-28,2329.58
859,2023-12-31,3859.12
856,2023-12-30,3333.03
931,2023-05-20,2285.14
686,2023-07-09,1200.84
170,2023-04-04,3661.63
758,2023-08-17,3568.52
935,2023-03-04,851.15
90,2023-12-06,4582.28
561,2023-01-25,415.59
446,2023-09-25,369.68
294,2023-10-08,1018.02
919,2023-01-11,4556.36
150,2023-11-16,2647.99
132,2023-07-20,3960.91
433,2023-05-06,1216.43
59,2023-11-02,2502.09
969,2023-07-09,1855.62
836,2023-03-30,4156.36
199,2023-12-21,210.76
215,2023-04-26,1294.83
898,2023-12-18,847.61
561,2023-06-26,4310.03
472,2023-01-14,2390.96
744,2023-09-14,2080.68
247,2023-07-28,2302.47
382,2023-10-08,4862.43
991,2023-11-24,4266.31
239,2023-11-21,3561.21
927,2023-04-15,1523.35
367,2023-05-27,909.35
168,2023-10-06,4615.02
560,2023-01-09,2173.07
51,2023-04-28,1465.9
811,2023-04-04,2407.51
610,2023-05-24,4597.45
951,2023-10-16,1996.63
728,2023-01-14,2856.94
689,2023-09-14,4034.53
380,2023-12-12,2192.95
474,2023-07-05,1244.35
80,2023-12-11,4973.18
697,2023-07-26,4787.2
367,2023-12-12,4233.05
461,2023-06-21,3473.03
911,2023-09-27,1544.84
539,2023-08-09,4575.72
452,2023-06-01,1450.23
464,2023-04-21,4023.97
960,2023-07-02,4599.47
478,2023-12-05,3054.72
926,2023-03-13,4034.98
420,2023-10-10,3979.31
707,2023-03-15,1046.47
214,2023-12-21,3372.83
369,2023-08-03,557.99
854,2023-11-24,2588.47
114,2023-01-23,894.95
754,2023-03-09,2140.11
503,2023-12-28,4181.61
636,2023-04-03,4937.12
817,2023-11-17,1658.0
588,2023-11-20,2706.58
311,2023-03-04,2605.36
469,2023-08-12,4776.57
824,2023-08-13,2445.06
708,2023-12-12,3525.62
863,2023-12-03,4616.77
44,2023-04-13,1929.55
415,2023-08-03,4520.4
698,2023-07-11,4595.54
855,2023-06-09,4660.25
246,2023-07-26,1425.19
949,2023-09-26,2061.74
84,2023-07-13,4364.94
207,2023-06-01,1859.89
151,2023-08-25,3041.24
668,2023-03-29,678.47
528,2023-01-11,375.75
165,2023-07-06,2118.77
917,2023-08-02,2936.69
975,2023-01-15,2024.23
145,2023-09-23,2930.91
37,2023-10-24,2623.91
333,2023-03-14,3459.97
403,2023-02-21,3282.71
414,2023-05-08,2178.8
45,2023-01-28,2182.48
402,2023-03-06,789.81
206,2023-01-17,2614.87
62,2023-12-17,2977.18
420,2023-05-18,2434.8
868,2023-11-15,1695.97
468,2023-08-17,3636.08
820,2023-09-11,465.84
19,2023-07-29,4580.76
365,2023-10-21,201.15
300,2023-08-19,4815.52
7,2023-08-29,2365.54
761,2023-03-11,2122.08
428,2023-04-14,1356.58
117,2023-07-23,149.35
580,2023-02-22,1446.47
507,2023-11-26,636.06
546,2023-02-23,3333.12
706,2023-10-03,1663.47
325,2023-12-01,3859.18
55,2023-01-31,1113.89
778,2023-05-15,4511.15
992,2023-02-27,2662.61
42,2023-04-15,661.08
297,2023-09-23,2064.14
973,2023-01-10,1113.13
231,2023-09-10,1078.46
453,2023-10-22,2581.21
890,2023-06-05,3392.27
394,2023-06-07,4566.93
522,2023-02-06,2560.59
358,2023-04-29,4832.61
987,2023-03-08,4714.01
444,2023-08-30,4338.81
128,2023-10-26,2549.89
691,2023-08-01,790.43
405,2023-11-04,1167.73
392,2023-04-11,3273.58
193,2023-02-25,2166.6
604,2023-11-28,819.33
881,2023-11-20,2447.07
743,2023-08-27,185.41
78,2023-08-19,3696.09
85,2023-12-28,460.55
30,2023-04-02,3182.66
725,2023-10-06,3985.75
49,2023-04-19,749.95
777,2023-11-13,2641.33
145,2023-06-17,3917.43
69,2023-10-27,1377.1
58,2023-08-06,898.29
697,2023-08-10,1750.41
574,2023-06-10,2818.03
479,2023-01-16,2918.87
820,2023-10-05,741.29
445,2023-02-26,2342.09
296,2023-03-03,1414.58
678,2023-12-29,4225.92
171,2023-11-23,1636.52
575,2023-08-30,4209.65
147,2023-03-31,2199.97
484,2023-03-13,3660.27
306,2023-11-22,2599.3
673,2023-01-30,3147.62
653,2023-12-25,2037.25
846,2023-10-15,3864.21
609,2023-03-27,2183.43
446,2023-08-22,2341.56
221,2023-08-23,2636.63
555,2023-11-09,4175.94
945,2023-12-31,3330.96
804,2023-09-22,1810.89
378,2023-10-14,3384.57
620,2023-11-23,3247.89
266,2023-09-26,4661.99
95,2023-07-05,4222.94
262,2023-05-11,3272.49
825,2023-10-18,1773.38
897,2023-10-04,3919.92
71,2023-11-16,2918.52
954,2023-12-17,4927.82
219,2023-06-29,1312.78
533,2023-10-17,490.31
92,2023-06-12,442.47
127,2023-09-28,3236.15
80,2023-04-06,4702.38
824,2023-09-19,109.47
238,2023-12-31,3656.28
983,2023-12-19,3319.62
372,2023-10-15,3688.29
916,2023-03-24,1841.49
486,2023-08-13,4120.43
694,2023-08-11,319.06
25,2023-04-28,3801.61
156,2023-07-11,1408.65
517,2023-03-20,2436.51
632,2023-03-19,4130.92
789,2023-05-27,1429.66
530,2023-04-17,1007.52
943,2023-09-28,3438.43
710,2023-09-01,2713.63
57,2023-03-14,2620.58
605,2023-12-23,1358.17
19,2023-12-20,270.91
384,2023-01-26,2110.32
865,2023-07-29,622.14
193,2023-04-02,4539.35
237,2023-05-05,302.13
387,2023-03-14,2215.09
426,2023-05-03,356.0
277,2023-11-05,568.16
227,2023-07-03,3328.45
745,2023-07-06,3270.85
552,2023-07-17,261.96
323,2023-03-19,105.54
153,2023-12-14,486.21
639,2023-07-05,3838.69
237,2023-12-10,2964.42
998,2023-09-10,286.78
55,2023-01-13,2491.68
980,2023-10-26,3588.94
436,2023-03-17,4357.86
684,2023-02-20,4676.78
109,2023-10-02,1704.46
866,2023-05-29,765.58
981,2023-08-07,1260.94
184,2023-05-02,3903.24
951,2023-07-30,4860.27
368,2023-10-07,2385.33
983,2023-01-26,1596.23
198,2023-06-22,2203.03
371,2023-06-05,1593.58
373,2023-08-26,1356.79
973,2023-03-23,3009.38
497,2023-12-22,177.11
599,2023-09-30,1371.81
201,2023-03-09,3340.77
849,2023-02-13,257.11
509,2023-03-02,507.69
322,2023-05-03,1537.64
275,2023-12-15,4401.24
211,2023-07-15,3847.94
504,2023-11-26,208.57
903,2023-11-19,2558.39
118,2023-04-21,1445.97
703,2023-09-15,3278.36
554,2023-03-30,3635.61
42,2023-07-17,4328.03
315,2023-10-09,2429.54
788,2023-07-19,4972.81
329,2023-04-09,4901.93
17,2023-01-27,4422.62
283,2023-03-30,2916.86
943,2023-05-26,2050.23
258,2023-07-01,1885.49
575,2023-09-14,159.41
574,2023-07-08,1320.96
612,2023-08-28,3622.16
19,2023-12-25,3057.8
529,2023-07-15,4590.47
837,2023-10-24,345.11
423,2023-06-14,860.86
466,2023-11-03,3967.29
373,2023-09-28,1856.69
758,2023-01-08,679.89
763,2023-02-07,4982.61
967,2023-04-24,3957.53
81,2023-12-05,2102.83
551,2023-02-25,4134.4
548,2023-12-25,3434.96
424,2023-05-18,3970.88
429,2023-04-12,4094.51
388,2023-11-30,515.17
998,2023-06-26,3152.57
921,2023-06-18,133.25
709,2023-12-05,312.94
670,2023-10-13,4529.5
204,2023-09-18,2685.06
196,2023-08-11,3705.92
728,2023-07-18,4208.65
285,2023-07-30,4752.98
969,2023-10-14,4359.83
196,2023-06-29,2468.23
307,2023-09-07,1746.25
664,2023-08-19,857.02
14,2023-01-23,2061.58
837,2023-02-17,1895.82
146,2023-04-19,2841.92
938,2023-10-23,3361.0
57,2023-01-06,4893.79
723,2023-02-07,3669.09
780,2023-06-18,3254.37
210,2023-12-22,1741.95
529,2023-10-10,269.07
798,2023-07-22,1511.81
344,2023-11-21,3865.39
715,2023-11-09,1105.83
611,2023-09-30,3589.72
279,2023-09-01,2940.92
209,2023-11-23,942.1
641,2023-02-16,1381.96
335,2023-09-06,2531.89
288,2023-03-20,2150.04
252,2023-04-20,3914.96
265,2023-01-13,3698.58
271,2023-12-31,2915.42
924,2023-03-31,4129.15
920,2023-12-08,2857.08
700,2023-12-14,4825.51
419,2023-10-07,1164.4
726,2023-08-09,3599.25
795,2023-03-14,1912.73
211,2023-08-22,1466.93
365,2023-09-17,983.9
76,2023-04-23,2807.27
660,2023-02-15,1155.8
321,2023-10-01,1081.72
725,2023-02-12,4953.61
433,2023-07-27,4028.56
109,2023-12-15,3766.56
641,2023-04-13,3990.9
522,2023-05-04,4847.72
47,2023-01-10,2909.06
379,2023-11-25,1179.19
827,2023-07-06,4324.83
96,2023-01-31,3739.38
958,2023-06-05,2130.11
103,2023-03-01,2420.49
892,2023-09-06,2115.14
854,2023-09-27,4656.72
146,2023-08-05,1783.3
880,2023-01-02,4821.07
942,2023-01-24,4560.33
928,2023-07-25,3189.55
27,2023-11-16,2941.13
732,2023-07-18,1913.44
530,2023-12-22,189.86
679,2023-04-24,725.35
945,2023-10-07,3795.73
989,2023-06-04,2410.55
82,2023-06-14,834.21
428,2023-08-10,1393.41
584,2023-04-01,4744.4
822,2023-06-16,1898.95
479,2023-07-26,4547.64
766,2023-10-09,1592.72
162,2023-03-06,2761.78
839,2023-01-04,200.34
932,2023-06-06,2657.19
402,2023-09-06,3221.02
508,2023-09-14,1248.09
38,2023-08-23,2936.79
955,2023-11-02,3271.12
511,2023-03-15,3465.74
393,2023-07-06,3904.38
713,2023-03-03,1625.56
494,2023-12-03,2882.11
200,2023-06-13,4909.74
255,2023-02-25,4500.91
179,2023-04-21,4768.06
547,2023-08-06,1992.07
594,2023-08-28,3955.95
389,2023-01-21,3137.5
398,2023-05-21,505.4
732,2023-09-22,4137.5
158,2023-05-19,3417.8
4,2023-03-11,1074.7
167,2023-04-28,490.72
468,2023-07-17,4201.41
960,2023-07-24,486.62
409,2023-08-02,547.63
412,2023-02-25,2194.3
204,2023-10-14,760.51
194,2023-10-20,4576.98
235,2023-06-24,2404.39
718,2023-12-13,2888.84
150,2023-05-08,4647.72
159,2023-11-21,2698.29
279,2023-10-19,1832.6
816,2023-10-15,4006.06
404,2023-08-14,2269.97
893,2023-03-05,1660.5
678,2023-02-17,3643.82
311,2023-07-21,4027.87
68,2023-12-03,3979.41
463,2023-03-01,4890.6
88,2023-09-14,3954.67
217,2023-03-06,3872.67
1,2023-08-27,4301.68
135,2023-10-16,100.91
697,2023-02-07,1875.91
351,2023-01-25,3714.26
140,2023-02-28,3038.62
618,2023-12-23,970.1
133,2023-10-24,1588.29
620,2023-06-07,1750.28
178,2023-02-26,2882.36
810,2023-02-17,4174.83
358,2023-11-24,4669.21
380,2023-02-25,3775.45
908,2023-03-06,4230.46
871,2023-09-25,2403.47
658,2023-03-10,2009.9
450,2023-08-04,2024.27
586,2023-03-30,3118.59
463,2023-10-08,708.76
990,2023-09-14,2939.52
108,2023-06-09,3359.15
122,2023-08-22,2250.65
17,2023-05-11,4770.52
196,2023-02-18,3080.25
327,2023-05-27,1178.0
318,2023-11-12,2448.16
809,2023-01-02,3409.48
479,2023-11-25,1685.78
252,2023-05-25,490.24
503,2023-03-02,2958.83
999,2023-09-30,4744.56
119,2023-02-18,2476.85
674,2023-11-28,4539.93
710,2023-05-11,4191.62
498,2023-02-12,822.32
486,2023-02-26,3570.03
45,2023-02-19,2233.78
314,2023-06-27,1326.21
179,2023-10-20,3466.0
894,2023-02-15,3739.04
418,2023-06-19,981.49
556,2023-09-28,4580.78
783,2023-12-02,3780.62
78,2023-05-19,4673.54
326,2023-09-04,1653.66
690,2023-05-28,4702.74
357,2023-08-18,1905.74
416,2023-10-07,364.45
963,2023-05-05,3838.55
515,2023-07-11,3547.19
214,2023-03-21,3029.76
854,2023-04-04,2500.48
74,2023-08-14,257.61
563,2023-03-06,3160.53
579,2023-03-29,2142.49
509,2023-03-29,2845.03
332,2023-07-20,2203.67
93,2023-08-02,4833.68
688,2023-07-23,3060.13
657,2023-03-30,3771.26
519,2023-03-02,4688.1
269,2023-09-28,2998.84
376,2023-04-04,159.11
834,2023-11-03,268.03
4,2023-01-27,3541.46
138,2023-08-02,1467.52
231,2023-03-15,2938.96
600,2023-03-02,1091.16
529,2023-07-05,1424.22
52,2023-01-31,2572.74
646,2023-08-07,4880.29
723,2023-01-12,3119.73
325,2023-10-29,4687.13
992,2023-02-01,4800.96
970,2023-06-09,1119.74
905,2023-08-25,1624.85
731,2023-08-15,3872.96
717,2023-06-30,4347.14
723,2023-11-13,2644.21
277,2023-02-15,4966.81
536,2023-12-07,156.7
486,2023-03-21,1568.0
516,2023-05-15,3153.49
152,2023-09-17,2399.52
955,2023-11-04,671.35
483,2023-09-04,1902.16
259,2023-06-08,224.69
324,2023-07-22,3249.46
869,2023-04-22,4474.44
168,2023-10-19,4435.88
688,2023-11-06,3527.77
310,2023-04-29,2382.27
803,2023-01-17,2608.95
479,2023-11-27,770.9
56,2023-08-15,1770.98
620,2023-12-27,1019.87
473,2023-04-27,4123.88
296,2023-02-12,4582.29
461,2023-04-25,2730.92
324,2023-10-10,3666.04
814,2023-02-06,695.18
846,2023-10-29,3081.82
141,2023-04-23,3543.68
667,2023-02-04,2318.56
262,2023-05-12,1292.04
785,2023-12-02,4399.14
420,2023-12-02,3740.25
744,2023-08-16,4509.3
241,2023-05-27,4110.17
355,2023-05-02,4952.83
849,2023-03-22,1041.65
770,2023-06-22,525.06
761,2023-06-03,1751.31
589,2023-05-30,732.12
180,2023-02-27,2663.34
66,2023-03-04,3201.84
820,2023-06-05,2933.61
348,2023-12-22,1370.28
171,2023-11-18,4553.24
474,2023-06-17,203.74
534,2023-06-15,1805.27
367,2023-03-26,3623.06
107,2023-05-17,3857.95
439,2023-07-08,2138.98
835,2023-01-02,182.86
227,2023-04-16,3128.41
444,2023-12-30,409.16
442,2023-03-13,628.49
396,2023-05-06,3286.23
728,2023-06-19,1631.19
581,2023-07-24,1805.35
84,2023-11-09,2485.35
615,2023-12-03,4895.03
551,2023-07-14,4830.67
13,2023-06-07,2139.68
809,2023-05-21,1400.95
825,2023-10-02,1582.7
693,2023-01-07,1417.03
493,2023-02-23,2708.0
268,2023-04-14,3073.61
525,2023-12-08,2495.02
120,2023-12-04,2099.17
970,2023-03-02,1135.3
353,2023-03-28,2464.28
57,2023-09-15,1771.4
40,2023-06-27,2753.82
886,2023-08-30,3408.43
336,2023-07-22,3203.23
640,2023-01-31,2366.2
173,2023-10-16,2824.66
547,2023-03-21,1495.8
259,2023-01-11,218.78
888,2023-09-11,3162.6
517,2023-10-14,1337.59
730,2023-06-25,3377.87
523,2023-05-06,3760.34
894,2023-02-16,4588.05
839,2023-07-25,4794.8
117,2023-04-17,151.58
184,2023-10-02,4952.83
906,2023-12-03,3446.79
874,2023-05-03,3253.27
116,2023-05-14,174.54
162,2023-04-17,4320.04
579,2023-11-01,812.91
712,2023-11-25,4202.92
543,2023-02-19,176.26
587,2023-12-03,3265.22
237,2023-04-05,2230.53
839,2023-09-25,1083.76
66,2023-01-23,627.05
70,2023-02-23,2256.63
809,2023-09-11,704.2
447,2023-08-23,2483.59
416,2023-02-28,3163.56
532,2023-06-13,4154.18
441,2023-09-16,3425.38
738,2023-11-10,419.48
946,2023-08-04,1606.42
464,2023-07-02,1511.1
921,2023-02-26,4583.66
396,2023-05-25,4352.13
711,2023-03-31,1913.72
551,2023-11-07,448.66
657,2023-02-14,4481.13
557,2023-09-14,4452.13
395,2023-01-21,4288.26
326,2023-01-21,4240.9
893,2023-02-21,2453.24
919,2023-12-04,969.42
91,2023-06-20,2439.69
750,2023-03-08,2523.53
70,2023-04-23,2500.67
166,2023-10-27,2739.99
642,2023-06-09,1362.52
214,2023-09-23,1894.58
852,2023-11-16,2227.51
601,2023-08-20,742.49
335,2023-11-21,2331.28
764,2023-03-09,4071.3
369,2023-01-28,4157.49
861,2023-04-26,2116.66
584,2023-02-20,2642.16
677,2023-06-30,264.89
49,2023-09-17,3404.72
52,2023-03-20,2082.57
289,2023-09-30,2282.84
790,2023-04-18,4381.0
626,2023-03-15,2362.99
239,2023-06-24,203.84
133,2023-07-03,1214.71
999,2023-01-23,2430.54
786,2023-10-01,2179.54
166,2023-05-09,4315.81
374,2023-10-18,2756.47
373,2023-11-16,3479.22
805,2023-07-05,2399.68
478,2023-02-28,2254.31
755,2023-01-01,2286.8
479,2023-05-11,2113.52
832,2023-03-08,2739.06
650,2023-10-20,1327.17
591,2023-10-12,4466.17
682,2023-03-30,1732.12
635,2023-04-10,822.87
688,2023-07-08,573.1
300,2023-12-12,165.77
82,2023-08-29,2171.99
87,2023-09-27,1019.29
225,2023-08-07,206.07
16,2023-06-25,2648.1
822,2023-12-07,3431.89
358,2023-08-21,520.18
163,2023-05-31,2358.51
610,2023-10-04,3743.78
668,2023-08-17,4930.45
514,2023-06-20,3369.23
350,2023-08-11,1299.71
909,2023-08-01,3611.11
681,2023-10-09,3029.85
464,2023-02-10,1137.82
827,2023-05-02,4270.44
837,2023-08-15,2194.28
375,2023-10-21,4813.69
92,2023-03-29,3642.21
181,2023-09-24,3258.36
743,2023-01-29,3668.93
301,2023-09-04,2442.68
660,2023-11-12,2575.61
792,2023-09-01,4270.92
189,2023-03-02,3436.55
859,2023-05-27,4496.49
862,2023-06-23,4465.05
314,2023-10-05,4884.8
493,2023-11-30,3531.05
923,2023-05-22,2561.28
922,2023-02-13,914.93
128,2023-05-24,3556.36
519,2023-12-19,1528.73
426,2023-11-29,1486.44
559,2023-02-24,1267.61
565,2023-11-03,4388.1
187,2023-12-24,4353.03
550,2023-06-10,3191.76
453,2023-10-12,2417.61
471,2023-11-21,3393.36
988,2023-07-17,3075.42
738,2023-06-08,2137.1
565,2023-03-21,1960.19
911,2023-01-31,1975.69
224,2023-04-22,2986.75
154,2023-02-15,3273.58
560,2023-12-19,2313.53
351,2023-07-24,4846.59
147,2023-02-21,510.84
905,2023-05-18,1800.53
576,2023-03-15,2153.47
349,2023-02-10,182.91
182,2023-03-18,1888.29
637,2023-07-06,1441.18
179,2023-02-21,2579.58
39,2023-03-28,1748.41
772,2023-04-19,3658.29
894,2023-08-13,2598.67
3,2023-09-05,735.83
64,2023-03-10,3775.3
29,2023-04-30,586.22
372,2023-03-08,4211.34
523,2023-03-02,4663.97
97,2023-11-23,1679.98
870,2023-07-10,4638.1
442,2023-07-08,3985.74
203,2023-05-31,4619.93
411,2023-10-13,3364.72
993,2023-04-06,1254.66
21,2023-11-08,4483.16
551,2023-11-05,1002.9
735,2023-09-20,1144.0
102,2023-04-07,1428.21
46,2023-04-23,1590.81
66,2023-05-05,2620.95
603,2023-05-12,3595.94
164,2023-05-01,4638.42
971,2023-07-16,533.34
111,2023-10-21,4776.41
338,2023-05-02,4614.48
123,2023-10-09,364.6
705,2023-09-17,1865.57
447,2023-02-08,4084.4
611,2023-02-23,3096.73
291,2023-06-10,3917.56
671,2023-10-16,3623.26
412,2023-07-19,2534.17
615,2023-10-03,301.97
897,2023-01-16,2962.91
281,2023-06-22,337.98
43,2023-09-05,3058.26
486,2023-08-06,4022.01
596,2023-03-28,2966.46
963,2023-03-23,4985.41
703,2023-03-03,2333.75
51,2023-10-14,3769.25
898,2023-02-11,3369.35
210,2023-01-12,4958.02
126,2023-11-17,3594.77
492,2023-08-22,903.75
509,2023-11-25,4782.04
960,2023-05-11,3372.11
970,2023-04-25,390.76
581,2023-08-06,3322.08
777,2023-05-17,4427.29
258,2023-04-16,2927.51
930,2023-06-28,1834.7
188,2023-01-16,4122.46
230,2023-08-30,3934.31
189,2023-11-30,2766.49
415,2023-08-14,856.37
10,2023-08-30,1329.83
114,2023-05-21,3718.57
76,2023-07-18,4049.8
676,2023-04-22,1468.4
502,2023-05-07,1903.13
85,2023-01-21,480.4
49,2023-05-27,3595.96
495,2023-03-30,117.53
838,2023-10-30,328.05
689,2023-07-22,121.29
387,2023-03-26,3262.07
970,2023-06-16,2145.2
389,2023-03-13,1557.98
218,2023-10-25,4572.23
701,2023-01-09,1044.73
981,2023-10-08,2007.9
346,2023-09-15,4707.53
230,2023-10-02,2192.82
255,2023-08-26,2818.0
236,2023-01-20,493.65
26,2023-08-21,3971.82
584,2023-08-09,2171.52
261,2023-11-22,4022.52
766,2023-01-17,1343.61
271,2023-03-30,2170.15
123,2023-07-15,3954.09
656,2023-12-16,4872.0
257,2023-03-25,392.17
656,2023-03-28,4081.04
421,2023-11-03,1573.38
259,2023-12-04,2798.64
948,2023-06-03,1521.45
47,2023-08-16,3105.88
863,2023-09-21,1833.63
525,2023-08-11,1734.71
888,2023-05-01,285.9
208,2023-06-22,820.11
311,2023-01-04,4593.68
747,2023-12-08,4991.56
149,2023-05-08,3924.55
834,2023-04-20,1505.38
438,2023-12-21,2071.98
155,2023-02-06,3723.57
678,2023-03-12,4845.72
90,2023-10-16,2331.81
698,2023-01-31,4164.66
830,2023-09-25,4877.84
358,2023-01-11,4380.02
174,2023-12-10,1213.03
217,2023-11-24,139.36
907,2023-02-01,2511.2
456,2023-02-26,2703.67
776,2023-06-15,1086.13
609,2023-07-07,1494.9
629,2023-12-08,3849.25
199,2023-01-19,2404.7
832,2023-04-26,1655.04
486,2023-07-03,3150.87
533,2023-09-27,3298.52
200,2023-02-02,3870.04
371,2023-01-10,867.88
959,2023-03-21,3733.43
853,2023-07-11,3037.2
448,2023-11-16,382.1
248,2023-07-09,3909.48
788,2023-03-09,1977.09
264,2023-12-14,1718.87
58,2023-05-05,2295.57
302,2023-12-02,1796.26
31,2023-02-28,1757.6
498,2023-04-07,4059.58
249,2023-10-02,710.08
605,2023-05-29,4855.94
777,2023-10-05,2819.17
271,2023-09-22,996.33
606,2023-01-09,742.96
666,2023-10-10,2998.4
394,2023-09-30,3201.7
797,2023-10-28,359.83
502,2023-01-08,1290.71
592,2023-07-27,3997.76
804,2023-05-05,343.16
84,2023-05-03,4289.93
365,2023-02-02,3325.0
886,2023-01-01,2228.67
549,2023-07-23,1797.52
342,2023-01-06,194.32
839,2023-10-24,4143.55
407,2023-01-05,799.34
425,2023-03-21,1616.76
744,2023-10-01,2888.62
93,2023-06-26,1305.36
848,2023-12-04,2535.99
614,2023-11-17,4065.78
412,2023-12-05,2405.64
432,2023-05-16,4749.99
678,2023-01-25,4252.75
159,2023-11-21,1731.89
14,2023-07-02,2059.81
373,2023-06-17,2174.3
225,2023-12-04,3168.28
505,2023-06-27,1505.3
73,2023-04-05,4849.32
249,2023-02-02,3082.55
511,2023-04-21,2057.07
603,2023-05-26,3260.55
216,2023-08-19,2037.48
973,2023-09-29,4107.2
602,2023-12-02,2882.42
541,2023-02-07,305.66
947,2023-05-15,966.11
817,2023-11-30,4338.47
939,2023-08-23,2858.21
988,2023-11-15,4756.68
220,2023-12-11,454.87
840,2023-06-09,1546.78
727,2023-02-07,1048.36
221,2023-05-30,2813.82
389,2023-11-04,1975.68
554,2023-01-29,870.64
647,2023-05-24,3249.48
42,2023-03-17,2727.86
676,2023-05-25,1446.21
873,2023-08-17,2450.88
283,2023-03-05,3754.12
58,2023-12-13,1105.83
814,2023-12-11,1535.24
834,2023-09-26,1795.94
537,2023-11-24,3758.96
73,2023-07-03,4249.92
885,2023-09-18,1944.3
923,2023-09-25,1553.44
129,2023-06-18,4458.29
599,2023-09-16,4996.89
842,2023-08-15,3384.73
426,2023-02-02,4950.91
948,2023-08-02,3333.83
665,2023-02-19,3693.96
694,2023-07-29,2004.41
125,2023-01-29,2221.54
67,2023-02-08,806.26
6,2023-12-13,4131.48
637,2023-04-10,4662.19
314,2023-06-22,3154.85
326,2023-01-17,1783.87
565,2023-02-25,854.68
578,2023-08-14,1399.27
826,2023-02-15,1351.51
506,2023-03-08,3106.29
82,2023-07-16,4730.68
599,2023-05-22,336.53
2,2023-11-19,105.01
204,2023-01-23,3040.89
662,2023-04-04,1491.9
805,2023-08-30,4414.69
404,2023-08-25,1703.53
103,2023-02-23,1519.71
536,2023-05-18,1420.6
368,2023-11-29,809.78
212,2023-09-29,2949.5
577,2023-02-10,924.25
961,2023-04-08,2180.69
209,2023-07-02,2358.76
763,2023-05-08,200.41
897,2023-08-17,182.36
117,2023-11-13,2649.04
628,2023-03-27,3510.57
749,2023-09-13,4716.5
478,2023-07-28,977.68
105,2023-08-03,605.97
495,2023-04-10,355.23
771,2023-02-18,2236.6
46,2023-07-20,3153.42
823,2023-09-15,4218.71
331,2023-06-27,3444.96
216,2023-09-02,1120.97
982,2023-05-03,2362.67
960,2023-12-08,4560.7
492,2023-06-20,1701.03
813,2023-11-29,2543.78
922,2023-05-16,4796.97
845,2023-02-28,3700.07
449,2023-07-12,3763.93
536,2023-09-25,1336.44
511,2023-09-17,2132.02
458,2023-04-05,503.48
547,2023-05-05,3071.98
536,2023-02-10,608.28
540,2023-09-11,4195.96
484,2023-01-07,4091.31
976,2023-08-04,2714.66
1000,2023-03-10,791.71
16,2023-03-10,225.34
571,2023-03-22,4003.87
977,2023-01-30,3040.69
243,2023-03-14,3583.56
950,2023-09-19,1588.65
207,2023-03-30,2596.47
912,2023-07-27,3761.15
271,2023-08-01,2366.56
761,2023-11-18,3046.78
994,2023-09-23,3969.67
779,2023-10-20,1154.58
705,2023-07-26,423.05
847,2023-11-29,2705.94
730,2023-03-18,404.42
115,2023-10-15,3856.13
580,2023-02-16,3624.14
299,2023-04-20,4420.39
837,2023-07-19,3233.85
483,2023-07-29,429.27
397,2023-06-03,1340.45
394,2023-01-10,4058.87
75,2023-12-19,918.95
978,2023-06-06,3522.55
482,2023-09-18,3923.27
103,2023-03-18,1717.55
297,2023-09-14,1679.26
178,2023-05-11,2833.23
215,2023-03-08,4320.3
967,2023-08-16,1197.14
315,2023-06-12,4712.17
39,2023-01-15,3035.68
259,2023-08-20,4961.42
716,2023-07-14,539.11
7,2023-12-15,720.15
49,2023-01-30,4150.54
538,2023-12-25,4337.3
161,2023-12-04,2282.75
869,2023-11-27,3598.95
176,2023-11-12,4351.03
591,2023-10-23,311.33
2,2023-11-26,2912.36
895,2023-08-08,4282.06
455,2023-05-27,2050.96
928,2023-09-16,1581.68
644,2023-10-19,3998.96
276,2023-10-26,1745.35
498,2023-05-23,115.55
629,2023-08-23,4801.91
676,2023-04-25,3001.4
800,2023-12-31,4115.64
28,2023-03-31,4143.98
333,2023-07-27,425.41
1,2023-06-13,937.21
188,2023-03-25,1624.49
56,2023-03-18,1671.43
547,2023-06-10,3328.05
112,2023-01-05,3153.35
798,2023-03-19,2523.49
310,2023-04-01,1135.19
36,2023-03-28,1971.72
439,2023-09-27,2763.61
729,2023-04-14,2393.13
592,2023-12-05,723.73
826,2023-06-24,3282.6
595,2023-02-23,457.95
577,2023-07-30,1953.15
325,2023-04-05,3579.14
640,2023-08-11,198.12
307,2023-01-09,2892.92
534,2023-02-22,1739.15
728,2023-03-18,143.28
619,2023-07-25,1032.88
109,2023-11-12,4710.64
372,2023-10-29,2653.63
357,2023-11-06,4986.41
181,2023-11-26,2671.6
356,2023-04-22,2765.29
676,2023-12-17,2020.03
68,2023-06-14,1619.2
292,2023-10-06,1332.57
692,2023-01-27,1782.76
181,2023-03-11,2353.27
466,2023-08-06,1040.76
434,2023-12-31,1201.89
464,2023-07-08,1430.57
681,2023-11-29,2301.37
914,2023-11-02,3298.79
534,2023-05-04,4295.12
66,2023-01-19,1506.95
21,2023-09-14,1000.27
612,2023-10-23,1956.35
384,2023-01-22,4482.48
812,2023-02-09,148.32
615,2023-02-07,3421.56
559,2023-02-17,2438.08
39,2023-07-02,889.13
285,2023-03-16,1673.01
822,2023-07-28,1202.26
602,2023-07-02,4401.38
597,2023-04-17,2461.18
785,2023-07-07,2859.16
336,2023-09-21,3009.07
188,2023-03-27,3234.12
671,2023-11-20,2528.22
243,2023-11-27,187.58
73,2023-05-17,1740.14
479,2023-12-12,1000.98
974,2023-12-02,3432.7
561,2023-04-05,377.85
101,2023-11-22,2862.64
514,2023-09-02,1132.1
756,2023-03-31,4749.34
176,2023-02-28,1744.15
238,2023-01-28,1693.58
910,2023-03-13,4624.58
59,2023-09-27,2145.0
865,2023-01-24,4818.03
99,2023-04-22,218.43
954,2023-10-27,1601.09
871,2023-02-25,3364.35
954,2023-08-11,4465.2
495,2023-04-30,1356.39
947,2023-06-28,4659.34
980,2023-10-15,3011.2
514,2023-10-08,4024.94
755,2023-07-08,2046.32
297,2023-03-07,1139.68
211,2023-10-25,4565.05
123,2023-09-06,4672.37
229,2023-03-17,2538.12
594,2023-05-17,131.83
656,2023-06-13,637.94
388,2023-08-21,2907.84
140,2023-09-12,216.51
541,2023-10-21,2044.87
391,2023-06-19,1586.51
270,2023-11-13,3600.31
759,2023-06-23,372.34
12,2023-12-11,2494.78
867,2023-01-18,2937.66
389,2023-03-11,3124.73
337,2023-12-04,2085.27
506,2023-04-26,1591.4
106,2023-03-21,3444.22
32,2023-01-15,4253.09
74,2023-06-25,3498.73
171,2023-09-26,4667.3
849,2023-04-29,3614.59
69,2023-10-26,3846.63
813,2023-07-07,922.73
362,2023-02-26,2155.74
649,2023-07-18,2476.77
433,2023-01-17,1355.84
929,2023-10-15,2689.85
996,2023-02-24,1524.88
100,2023-09-26,3468.76
658,2023-10-30,2404.41
9,2023-03-28,2348.15
574,2023-11-14,4919.85
697,2023-01-29,2022.98
29,2023-01-22,1875.25
893,2023-11-17,1661.16
114,2023-10-12,4484.27
462,2023-02-17,2533.95
921,2023-01-05,3040.07
143,2023-09-07,986.01
390,2023-06-12,2750.62
632,2023-07-21,1445.78
682,2023-04-11,3680.12
157,2023-03-12,4179.39
335,2023-06-12,3602.57
861,2023-06-22,3678.2
260,2023-05-21,2611.13
82,2023-05-18,3589.38
754,2023-03-07,2171.17
441,2023-07-17,3292.3
945,2023-11-24,1369.29
172,2023-08-16,441.81
231,2023-10-08,2126.02
720,2023-06-21,2362.71
75,2023-11-12,1356.4
270,2023-02-09,3665.78
899,2023-01-07,460.4
626,2023-06-23,1191.47
62,2023-05-31,3767.97
874,2023-07-30,2241.91
320,2023-10-29,3555.89
102,2023-03-27,2880.68
429,2023-09-10,4758.49
874,2023-01-21,3029.2
722,2023-09-14,172.86
954,2023-02-02,1829.1
255,2023-09-17,801.0
532,2023-08-22,4630.71
570,2023-01-03,609.66
112,2023-12-13,1999.76
985,2023-11-04,1207.89
313,2023-08-15,4248.94
998,2023-10-11,1611.98
461,2023-03-11,4960.28
708,2023-11-09,289.22
887,2023-12-30,728.56
462,2023-09-11,1200.73
865,2023-05-24,4074.42
92,2023-01-24,4404.73
52,2023-08-22,450.11
805,2023-11-29,259.05
520,2023-06-24,3748.33
812,2023-11-28,753.42
98,2023-11-21,751.69
236,2023-12-23,209.6
901,2023-06-08,344.06
374,2023-12-14,1392.01
581,2023-12-14,418.53
927,2023-10-13,1907.51
557,2023-01-18,4180.6
649,2023-02-13,1698.97
234,2023-06-04,3666.39
32,2023-12-21,560.16
289,2023-08-19,3330.94
638,2023-11-12,1652.06
579,2023-08-13,3773.79
542,2023-08-05,767.63
114,2023-02-25,4499.63
204,2023-01-31,1288.63
29,2023-12-23,1830.38
643,2023-02-28,4755.89
474,2023-12-19,2934.56
697,2023-08-23,1892.28
253,2023-04-17,4753.05
798,2023-07-10,1712.48
905,2023-01-18,564.87
922,2023-08-14,4984.56
386,2023-06-16,1412.44
62,2023-03-12,4271.16
515,2023-12-28,911.15
430,2023-02-23,3683.63
580,2023-09-02,2669.8
537,2023-12-16,4906.44
691,2023-03-17,2808.87
141,2023-02-04,222.57
743,2023-09-24,3059.0
300,2023-11-13,812.05
675,2023-10-27,4012.85
311,2023-05-01,4297.18
471,2023-11-20,2462.26
393,2023-01-25,3937.79
642,2023-06-09,811.04
445,2023-03-25,2511.18
758,2023-04-24,2030.33
809,2023-08-11,3095.46
172,2023-06-15,317.94
576,2023-07-10,3785.4
31,2023-06-24,487.73
47,2023-01-01,3316.71
130,2023-08-17,190.44
352,2023-03-27,4176.25
978,2023-03-03,956.03
845,2023-11-16,2625.94
622,2023-07-25,1381.32
581,2023-04-15,3640.97
58,2023-11-14,1674.62
106,2023-10-18,3650.59
812,2023-09-07,1495.87
330,2023-01-13,3787.12
768,2023-06-12,249.97
824,2023-02-12,1488.23
683,2023-04-21,2543.3
383,2023-07-24,320.79
985,2023-09-13,1011.57
162,2023-11-03,4679.23
997,2023-05-24,4886.49
286,2023-05-26,3724.77
71,2023-10-28,1335.78
767,2023-06-13,1376.54
454,2023-06-18,3264.37
886,2023-10-25,676.24
567,2023-08-21,4746.72
835,2023-09-28,1201.58
397,2023-03-01,4998.21
515,2023-10-23,2529.1
26,2023-08-23,3880.01
313,2023-06-14,110.7
126,2023-07-13,4454.86
408,2023-08-22,1423.01
565,2023-07-02,3372.89
198,2023-11-29,4051.14
811,2023-08-20,904.32
188,2023-12-27,2268.3
698,2023-04-17,2519.8
817,2023-08-11,1629.39
810,2023-03-21,2460.6
716,2023-08-22,1655.97
484,2023-07-03,1867.66
450,2023-07-04,3379.72
523,2023-05-14,3199.71
871,2023-08-08,1238.1
354,2023-10-15,4497.67
986,2023-12-30,4327.66
658,2023-07-21,2594.51
597,2023-05-26,2222.93
100,2023-11-20,1946.59
616,2023-05-07,3565.61
948,2023-05-15,3391.16
558,2023-04-24,1061.28
556,2023-09-21,3390.14
278,2023-03-05,1336.91
693,2023-05-15,190.94
699,2023-02-10,3526.12
990,2023-10-23,3259.49
626,2023-01-03,2112.97
491,2023-07-13,2675.86
255,2023-04-20,4741.13
381,2023-08-09,3016.48
892,2023-01-04,3323.63
542,2023-09-01,413.17
264,2023-06-15,913.37
610,2023-01-26,1574.67
825,2023-01-17,2742.96
879,2023-08-04,3905.3
329,2023-04-02,1674.08
115,2023-01-31,1846.27
276,2023-07-24,1355.14
488,2023-07-26,1347.59
281,2023-04-17,4749.43
275,2023-05-26,3213.74
773,2023-04-11,863.92
843,2023-11-14,3639.02
719,2023-08-29,3637.9
896,2023-09-04,3365.7
328,2023-06-12,760.13
211,2023-06-22,2099.16
727,2023-02-04,623.11
923,2023-10-11,4101.44
552,2023-12-25,3310.34
992,2023-12-24,2585.3
26,2023-01-21,1780.78
27,2023-11-04,1002.82
702,2023-06-12,621.59
83,2023-04-07,4849.28
896,2023-11-03,1078.28
946,2023-12-05,393.39
682,2023-02-24,4812.17
413,2023-11-29,2789.86
167,2023-05-07,4003.62
700,2023-07-12,314.45
169,2023-08-31,2878.03
801,2023-12-15,2051.23
979,2023-03-29,3882.63
229,2023-12-02,288.29
979,2023-08-03,2068.28
609,2023-04-02,4015.46
367,2023-10-30,2661.22
528,2023-08-23,2795.19
791,2023-07-03,576.11
647,2023-02-07,748.42
538,2023-05-19,3417.3
864,2023-07-14,3407.73
524,2023-01-15,4897.61
72,2023-09-14,3588.57
645,2023-05-15,2516.89
106,2023-01-01,4300.91
732,2023-02-18,611.92
885,2023-04-06,2301.55
965,2023-07-20,1506.83
689,2023-01-26,612.73
282,2023-12-09,3841.16
133,2023-08-23,2602.88
534,2023-12-15,2828.17
975,2023-09-01,2115.15
269,2023-12-24,2355.65
412,2023-11-23,668.49
673,2023-12-17,3397.3
619,2023-02-20,2218.99
791,2023-03-22,4102.16
865,2023-02-05,1061.81
747,2023-03-08,1104.77
18,2023-05-09,3264.22
754,2023-06-04,4245.42
117,2023-09-02,2413.77
798,2023-04-21,3662.07
794,2023-06-17,4996.72
144,2023-05-22,4952.3
717,2023-12-22,3747.25
551,2023-07-16,3723.97
929,2023-04-19,1313.33
666,2023-03-20,4184.34
688,2023-06-10,2085.0
961,2023-01-19,4813.77
753,2023-05-07,499.0
422,2023-07-24,2235.62
898,2023-01-29,2823.62
369,2023-07-26,2085.27
646,2023-10-07,1131.84
558,2023-05-31,3005.64
50,2023-08-28,3804.0
678,2023-09-23,3259.71
106,2023-07-01,1248.8
216,2023-04-15,3684.88
658,2023-08-24,1358.8
923,2023-06-22,958.49
425,2023-06-07,3484.27
72,2023-06-21,4229.66
988,2023-11-07,2459.54
842,2023-06-06,2703.82
785,2023-09-15,1583.46
759,2023-06-13,2523.63
446,2023-05-27,746.72
925,2023-06-03,4783.57
186,2023-02-07,4021.77
70,2023-05-11,3373.07
974,2023-12-24,2737.15
150,2023-09-12,3981.63
246,2023-07-27,2524.31
774,2023-04-05,1569.87
538,2023-12-14,885.83
935,2023-11-23,3273.17
652,2023-06-20,4654.19
99,2023-09-07,852.73
910,2023-07-09,982.09
278,2023-07-18,2224.67
563,2023-08-09,4053.81
663,2023-01-24,1540.22
944,2023-09-01,1344.17
455,2023-11-20,3137.83
104,2023-05-08,2724.51
946,2023-04-03,395.08
601,2023-10-27,499.3
653,2023-05-13,3250.76
725,2023-02-24,2379.11
233,2023-06-07,4857.79
394,2023-01-29,3424.8
501,2023-07-30,149.36
695,2023-06-03,2456.99
251,2023-10-20,2130.79
521,2023-08-10,622.9
79,2023-04-25,4623.72
52,2023-06-07,4044.56
898,2023-09-16,1227.42
921,2023-09-08,1354.31
781,2023-05-02,256.89
226,2023-10-26,1553.92
51,2023-09-20,2964.65
186,2023-02-18,2162.13
34,2023-11-25,4849.35
803,2023-10-24,374.79
742,2023-12-28,2998.01
131,2023-03-18,4305.72
632,2023-05-07,2455.63
443,2023-07-16,114.52
838,2023-08-09,1289.73
759,2023-04-01,1686.47
432,2023-01-08,4833.37
704,2023-02-01,4567.69
497,2023-11-16,4750.94
403,2023-09-26,4146.22
323,2023-07-10,1823.07
210,2023-12-15,4538.79
615,2023-06-12,4910.25
329,2023-03-02,1815.35
372,2023-09-21,1376.72
460,2023-10-12,2779.89
133,2023-04-05,1017.05
835,2023-02-10,259.86
651,2023-05-29,4734.57
121,2023-07-23,4636.13
606,2023-09-24,897.0
452,2023-01-02,2097.93
965,2023-06-27,4172.08
129,2023-07-13,3338.9
91,2023-12-02,2034.46
604,2023-07-15,3746.44
575,2023-12-09,4495.53
29,2023-09-06,4638.18
722,2023-07-31,1956.36
524,2023-06-02,950.45
333,2023-06-07,4572.91
297,2023-12-28,553.52
130,2023-05-19,3636.27
293,2023-08-09,788.44
173,2023-09-30,2008.0
720,2023-06-03,2116.62
944,2023-09-06,877.91
24,2023-10-06,4621.14
99,2023-10-31,113.07
406,2023-10-03,4479.66
356,2023-01-02,4430.76
139,2023-03-29,1653.12
503,2023-10-14,3550.99
826,2023-05-10,1338.76
174,2023-03-19,3817.99
29,2023-09-17,2849.49
931,2023-08-29,1571.1
496,2023-05-21,2061.15
655,2023-08-16,3480.45
828,2023-06-12,4539.88
351,2023-08-24,740.56
554,2023-05-08,2899.68
299,2023-07-19,1343.27
720,2023-01-31,4026.72
842,2023-05-18,444.16
945,2023-01-21,3475.88
192,2023-08-22,957.24
672,2023-07-21,3022.29
64,2023-10-06,4194.89
755,2023-05-11,3799.9
770,2023-05-28,3789.42
664,2023-01-29,2637.44
215,2023-12-27,4464.65
834,2023-11-04,2981.72
166,2023-06-11,4595.84
543,2023-12-23,2777.96
883,2023-12-06,2579.23
232,2023-03-02,1189.53
794,2023-05-05,2769.45
541,2023-03-12,788.87
195,2023-11-22,4361.48
506,2023-12-30,3411.87
334,2023-08-31,4968.81
768,2023-09-06,551.28
793,2023-08-09,1279.3
304,2023-01-21,4398.08
833,2023-03-23,2036.75
437,2023-12-10,2384.88
323,2023-01-10,4317.19
502,2023-01-12,2656.93
858,2023-09-20,1048.03
914,2023-05-25,4470.95
393,2023-07-11,252.2
806,2023-09-07,4487.44
599,2023-04-24,347.55
149,2023-01-26,3362.66
761,2023-09-28,451.23
833,2023-02-02,3560.44
405,2023-03-03,266.46
283,2023-08-17,4228.04
362,2023-10-30,2383.13
379,2023-04-05,557.92
198,2023-02-04,3563.42
556,2023-07-12,2497.52
356,2023-03-17,1035.65
540,2023-09-06,176.79
429,2023-03-24,2148.19
17,2023-01-25,519.58
639,2023-02-26,561.43
379,2023-02-01,1409.91
680,2023-11-15,3189.25
506,2023-01-12,2696.56
756,2023-11-15,438.04
899,2023-11-29,4845.31
76,2023-04-02,4447.13
231,2023-01-01,1370.2
716,2023-11-22,699.46
962,2023-05-16,4717.77
248,2023-07-15,2359.59
302,2023-05-13,1624.72
726,2023-03-27,2502.75
215,2023-10-22,3886.45
158,2023-10-06,925.09
69,2023-11-20,3860.73
393,2023-06-29,3772.29
85,2023-01-04,2742.81
267,2023-05-06,4342.63
69,2023-06-24,747.5
611,2023-09-08,3017.85
347,2023-01-21,2301.78
962,2023-04-15,2169.23
728,2023-03-07,1337.55
927,2023-09-20,1924.17
673,2023-02-18,629.94
423,2023-01-16,1332.83
606,2023-05-25,1432.63
174,2023-12-06,3631.27
677,2023-09-07,337.9
115,2023-12-09,3290.84
220,2023-12-20,1184.91
956,2023-03-16,501.12
31,2023-10-17,1573.95
523,2023-10-09,1199.92
343,2023-03-07,2804.96
377,2023-05-05,1851.14
130,2023-11-15,4833.37
1000,2023-03-28,4821.39
617,2023-02-10,2274.2
539,2023-07-05,3995.93
739,2023-12-20,165.02
2,2023-12-01,2784.28
